-- MySQL dump 10.13  Distrib 8.0.19, for Win64 (x86_64)
--
-- Host: localhost    Database: cuarentena
-- ------------------------------------------------------
-- Server version	8.0.19

/*!40101 SET @OLD_CHARACTER_SET_CLIENT=@@CHARACTER_SET_CLIENT */;
/*!40101 SET @OLD_CHARACTER_SET_RESULTS=@@CHARACTER_SET_RESULTS */;
/*!40101 SET @OLD_COLLATION_CONNECTION=@@COLLATION_CONNECTION */;
/*!50503 SET NAMES utf8 */;
/*!40103 SET @OLD_TIME_ZONE=@@TIME_ZONE */;
/*!40103 SET TIME_ZONE='+00:00' */;
/*!40014 SET @OLD_UNIQUE_CHECKS=@@UNIQUE_CHECKS, UNIQUE_CHECKS=0 */;
/*!40014 SET @OLD_FOREIGN_KEY_CHECKS=@@FOREIGN_KEY_CHECKS, FOREIGN_KEY_CHECKS=0 */;
/*!40101 SET @OLD_SQL_MODE=@@SQL_MODE, SQL_MODE='NO_AUTO_VALUE_ON_ZERO' */;
/*!40111 SET @OLD_SQL_NOTES=@@SQL_NOTES, SQL_NOTES=0 */;

--
-- Table structure for table `consulta`
--

DROP TABLE IF EXISTS `consulta`;
/*!40101 SET @saved_cs_client     = @@character_set_client */;
/*!50503 SET character_set_client = utf8mb4 */;
CREATE TABLE `consulta` (
  `pacienteID` int NOT NULL,
  `doctorID` int NOT NULL,
  `fecha` datetime DEFAULT NULL,
  PRIMARY KEY (`pacienteID`,`doctorID`),
  KEY `doctorID` (`doctorID`),
  CONSTRAINT `consulta_ibfk_1` FOREIGN KEY (`pacienteID`) REFERENCES `paciente` (`ID`),
  CONSTRAINT `consulta_ibfk_2` FOREIGN KEY (`doctorID`) REFERENCES `doctor` (`ID`)
) ENGINE=InnoDB DEFAULT CHARSET=utf8mb4 COLLATE=utf8mb4_0900_ai_ci;
/*!40101 SET character_set_client = @saved_cs_client */;

--
-- Dumping data for table `consulta`
--

LOCK TABLES `consulta` WRITE;
/*!40000 ALTER TABLE `consulta` DISABLE KEYS */;
INSERT INTO `consulta` VALUES (1,4,'2020-03-17 00:00:00'),(2,2,'2020-03-18 00:00:00'),(3,1,'2020-03-19 00:00:00'),(4,5,'2020-03-20 00:00:00'),(5,3,'2020-03-21 00:00:00');
/*!40000 ALTER TABLE `consulta` ENABLE KEYS */;
UNLOCK TABLES;

--
-- Table structure for table `consultorio`
--

DROP TABLE IF EXISTS `consultorio`;
/*!40101 SET @saved_cs_client     = @@character_set_client */;
/*!50503 SET character_set_client = utf8mb4 */;
CREATE TABLE `consultorio` (
  `ID` int NOT NULL AUTO_INCREMENT,
  `piso` int NOT NULL,
  `nro` int NOT NULL,
  PRIMARY KEY (`ID`)
) ENGINE=InnoDB AUTO_INCREMENT=6 DEFAULT CHARSET=utf8mb4 COLLATE=utf8mb4_0900_ai_ci;
/*!40101 SET character_set_client = @saved_cs_client */;

--
-- Dumping data for table `consultorio`
--

LOCK TABLES `consultorio` WRITE;
/*!40000 ALTER TABLE `consultorio` DISABLE KEYS */;
INSERT INTO `consultorio` VALUES (1,1,100),(2,1,101),(3,1,102),(4,1,103),(5,1,104);
/*!40000 ALTER TABLE `consultorio` ENABLE KEYS */;
UNLOCK TABLES;

--
-- Table structure for table `doctor`
--

DROP TABLE IF EXISTS `doctor`;
/*!40101 SET @saved_cs_client     = @@character_set_client */;
/*!50503 SET character_set_client = utf8mb4 */;
CREATE TABLE `doctor` (
  `ID` int NOT NULL AUTO_INCREMENT,
  `personaID` int NOT NULL,
  `consultorioID` int NOT NULL,
  `especialidadID` int NOT NULL,
  PRIMARY KEY (`ID`),
  KEY `personaID` (`personaID`),
  KEY `consultorioID` (`consultorioID`),
  KEY `especialidadID` (`especialidadID`),
  CONSTRAINT `doctor_ibfk_1` FOREIGN KEY (`personaID`) REFERENCES `persona` (`CI`),
  CONSTRAINT `doctor_ibfk_2` FOREIGN KEY (`consultorioID`) REFERENCES `consultorio` (`ID`),
  CONSTRAINT `doctor_ibfk_3` FOREIGN KEY (`especialidadID`) REFERENCES `especialidad` (`ID`)
) ENGINE=InnoDB AUTO_INCREMENT=6 DEFAULT CHARSET=utf8mb4 COLLATE=utf8mb4_0900_ai_ci;
/*!40101 SET character_set_client = @saved_cs_client */;

--
-- Dumping data for table `doctor`
--

LOCK TABLES `doctor` WRITE;
/*!40000 ALTER TABLE `doctor` DISABLE KEYS */;
INSERT INTO `doctor` VALUES (1,51131,1,1),(2,51139,2,5),(3,51234,3,3),(4,51239,4,4),(5,52239,5,2);
/*!40000 ALTER TABLE `doctor` ENABLE KEYS */;
UNLOCK TABLES;

--
-- Table structure for table `especialidad`
--

DROP TABLE IF EXISTS `especialidad`;
/*!40101 SET @saved_cs_client     = @@character_set_client */;
/*!50503 SET character_set_client = utf8mb4 */;
CREATE TABLE `especialidad` (
  `ID` int NOT NULL AUTO_INCREMENT,
  `nombres` varchar(30) DEFAULT NULL,
  PRIMARY KEY (`ID`)
) ENGINE=InnoDB AUTO_INCREMENT=11 DEFAULT CHARSET=utf8mb4 COLLATE=utf8mb4_0900_ai_ci;
/*!40101 SET character_set_client = @saved_cs_client */;

--
-- Dumping data for table `especialidad`
--

LOCK TABLES `especialidad` WRITE;
/*!40000 ALTER TABLE `especialidad` DISABLE KEYS */;
INSERT INTO `especialidad` VALUES (1,'oftalmologia'),(2,'pediatria'),(3,'odontologia'),(4,'urologia'),(5,'ginecologia');
/*!40000 ALTER TABLE `especialidad` ENABLE KEYS */;
UNLOCK TABLES;

--
-- Table structure for table `paciente`
--

DROP TABLE IF EXISTS `paciente`;
/*!40101 SET @saved_cs_client     = @@character_set_client */;
/*!50503 SET character_set_client = utf8mb4 */;
CREATE TABLE `paciente` (
  `ID` int NOT NULL AUTO_INCREMENT,
  `personaID` int NOT NULL,
  `fechaIngreso` datetime DEFAULT NULL,
  PRIMARY KEY (`ID`),
  KEY `personaID` (`personaID`),
  CONSTRAINT `paciente_ibfk_1` FOREIGN KEY (`personaID`) REFERENCES `persona` (`CI`)
) ENGINE=InnoDB AUTO_INCREMENT=6 DEFAULT CHARSET=utf8mb4 COLLATE=utf8mb4_0900_ai_ci;
/*!40101 SET character_set_client = @saved_cs_client */;

--
-- Dumping data for table `paciente`
--

LOCK TABLES `paciente` WRITE;
/*!40000 ALTER TABLE `paciente` DISABLE KEYS */;
INSERT INTO `paciente` VALUES (1,55555,'2020-03-17 00:00:00'),(2,44444,'2020-03-18 00:00:00'),(3,33333,'2020-03-19 00:00:00'),(4,22222,'2020-03-20 00:00:00'),(5,11111,'2020-03-21 00:00:00');
/*!40000 ALTER TABLE `paciente` ENABLE KEYS */;
UNLOCK TABLES;

--
-- Table structure for table `persona`
--

DROP TABLE IF EXISTS `persona`;
/*!40101 SET @saved_cs_client     = @@character_set_client */;
/*!50503 SET character_set_client = utf8mb4 */;
CREATE TABLE `persona` (
  `CI` int NOT NULL,
  `nombres` varchar(30) DEFAULT NULL,
  `apellidos` varchar(30) DEFAULT NULL,
  `fechaNacimiento` datetime DEFAULT NULL,
  PRIMARY KEY (`CI`)
) ENGINE=InnoDB DEFAULT CHARSET=utf8mb4 COLLATE=utf8mb4_0900_ai_ci;
/*!40101 SET character_set_client = @saved_cs_client */;

--
-- Dumping data for table `persona`
--

LOCK TABLES `persona` WRITE;
/*!40000 ALTER TABLE `persona` DISABLE KEYS */;
INSERT INTO `persona` VALUES (11111,'Sebastian','Taquichiri Landaeta','1995-07-21 00:00:00'),(22222,'Nicolas','Delgado Tordoya','1994-06-22 00:00:00'),(33333,'Ines','Cortez Antezana','1993-05-23 00:00:00'),(44444,'Maria','Crespo Aliaga','1992-04-24 00:00:00'),(51131,'Paul','Landaeta Flores','1991-03-25 00:00:00'),(51139,'Alejandra','Garcia Baldivieso','2003-12-15 00:00:00'),(51234,'Mariel','Barrios Terceros','2000-11-25 00:00:00'),(51239,'Ricardo','Tejerina Flores','2001-04-25 00:00:00'),(52239,'Miguel','Lopez Aliaga','1987-04-27 00:00:00'),(55555,'Pepe','Salazar Cordova','1991-03-25 00:00:00');
/*!40000 ALTER TABLE `persona` ENABLE KEYS */;
UNLOCK TABLES;
/*!40103 SET TIME_ZONE=@OLD_TIME_ZONE */;

/*!40101 SET SQL_MODE=@OLD_SQL_MODE */;
/*!40014 SET FOREIGN_KEY_CHECKS=@OLD_FOREIGN_KEY_CHECKS */;
/*!40014 SET UNIQUE_CHECKS=@OLD_UNIQUE_CHECKS */;
/*!40101 SET CHARACTER_SET_CLIENT=@OLD_CHARACTER_SET_CLIENT */;
/*!40101 SET CHARACTER_SET_RESULTS=@OLD_CHARACTER_SET_RESULTS */;
/*!40101 SET COLLATION_CONNECTION=@OLD_COLLATION_CONNECTION */;
/*!40111 SET SQL_NOTES=@OLD_SQL_NOTES */;

-- Dump completed on 2020-03-17 17:08:59
